{
  "name": "mapa 2",
  "floorConfigs": [
    {
      "name": "grass",
      "spritePath": "sprites/floor/grass.png",
      "isWalkable": true
    },
    {
      "name": "sand",
      "spritePath": "sprites/floor/sand.png",
      "isWalkable": false
    },
    {
      "name": "water",
      "spritePath": "sprites/floor/water.png",
      "isWalkable": false
    }
  ],
  "wallConfigs": [
    {
      "name": "wood",
      "spritePath": "sprites/wall/wood.png",
      "isClimbable": false
    },
    {
      "name": "spring",
      "spritePath": "sprites/wall/spring.png",
      "isClimbable": true
    },
    {
      "name": "rope",
      "spritePath": "sprites/wall/rope.png",
      "isClimbable": true
    },
    {
      "name": "stairsUp",
      "spritePath": "sprites/wall/stairsUp.png",
      "isClimbable": true
    },
    {
      "name": "stairsDown",
      "spritePath": "sprites/wall/stairsDown.png",
      "isClimbable": true
    },
    {
      "name": "rock",
      "spritePath": "sprites/wall/rock.png",
      "isClimbable": false
    }
  ],
  "mapData": [
    [
      [ { "floor": "grass", "wall": "wood" }, { "floor": "grass", "wall": "wood" },  { "floor": "grass", "wall": "wood" },  { "floor": "grass", "wall": "wood" },  { "floor": "grass", "wall": "wood" },  { "floor": "grass", "wall": "wood" },  { "floor": "grass", "wall": "wood" } ],
      [ { "floor": "grass", "wall": "wood" }, { "floor": "grass" },                   { "floor": "grass" },                  { "floor": "grass" },                   { "floor": "sand" },                   { "floor": "grass" },                  { "floor": "grass", "wall": "wood" } ],
      [ { "floor": "grass", "wall": "wood" }, { "floor": "grass" },                   { "floor": "sand" },                   { "floor": "grass" },                   { "floor": "grass" },                  { "floor": "grass" },                   { "floor": "grass", "wall": "wood" } ],
      [ { "floor": "grass", "wall": "wood" }, { "floor": "grass" },                    { "floor": "grass" },                   { "floor": "grass", "wall": "stairsUp" }, { "floor": "grass" },                { "floor": "grass" },                   { "floor": "grass", "wall": "wood" } ],
      [ { "floor": "grass", "wall": "wood" }, { "floor": "grass" },                   { "floor": "sand" },                   { "floor": "grass" },                   { "floor": "grass" },                  { "floor": "grass" },                   { "floor": "grass", "wall": "wood" } ],
      [ { "floor": "grass", "wall": "wood" }, { "floor": "grass" },                   { "floor": "grass" },                  { "floor": "grass" },                   { "floor": "grass" },                   { "floor": "grass", "wall": "spring" }, { "floor": "grass", "wall": "wood" } ],
      [ { "floor": "grass", "wall": "wood" }, { "floor": "grass", "wall": "wood" },   { "floor": "grass", "wall": "wood" },  { "floor": "grass", "wall": "wood" },  { "floor": "grass", "wall": "wood" },  { "floor": "grass", "wall": "wood" },  { "floor": "grass", "wall": "wood" } ]
    ],
    [
      [ { "floor": "grass", "wall": "wood" }, { "floor": "grass", "wall": "wood" },   { "floor": "grass", "wall": "wood" },  { "floor": "grass", "wall": "wood" },  { "floor": "grass", "wall": "wood" },  { "floor": "grass", "wall": "wood" },   { "floor": "grass", "wall": "wood" } ],
      [ { "floor": "grass", "wall": "wood" }, { "floor": "grass" },                   { "floor": "grass" },                   { "floor": "grass" },                  { "floor": "grass" },                  { "floor": "grass","wall": "stairsUp" }, { "floor": "grass", "wall": "wood" } ],
      [ { "floor": "grass", "wall": "wood" }, { "floor": "sand" },                    { "floor": "grass" },                   { "floor": "grass"},                   { "floor": "sand" },                   { "floor": "sand" },                   { "floor": "grass", "wall": "wood" } ],
      [ { "floor": "grass", "wall": "wood" }, { "floor": "grass" }, { "floor": "sand" },               { "floor": "grass","wall": "stairsDown"},                  { "floor": "grass" },                   { "floor": "grass" },                   { "floor": "grass", "wall": "wood" } ],
      [ { "floor": "grass", "wall": "wood" }, { "floor": "sand" },                    { "floor": "grass" },                   { "floor": "grass" },                   { "floor": "water" },                  { "floor": "grass" },                   { "floor": "grass", "wall": "wood" } ],
      [ { "floor": "grass", "wall": "wood" }, { "floor": "grass", "wall": "spring" }, { "floor": "grass" },                  { "floor": "grass"},                   { "floor": "grass" },                   { "floor": "grass" },                  { "floor": "grass", "wall": "wood" } ],
      [ { "floor": "grass", "wall": "wood" }, { "floor": "grass", "wall": "wood" },   { "floor": "grass", "wall": "wood" },  { "floor": "grass", "wall": "wood" },  { "floor": "grass", "wall": "wood" },  { "floor": "grass", "wall": "wood" },   { "floor": "grass", "wall": "wood" } ]
    ],
    [
      [ { "floor": "grass", "wall": "wood" }, { "floor": "grass", "wall": "wood" },   { "floor": "grass", "wall": "wood" },  { "floor": "grass", "wall": "wood" },  { "floor": "grass", "wall": "wood" },  { "floor": "grass", "wall": "wood" },   { "floor": "grass", "wall": "wood" } ],
      [ { "floor": "grass", "wall": "wood" }, { "floor": "grass" },                   { "floor": "grass" },                  { "floor": "grass" },                   { "floor": "sand" },                   { "floor": "grass", "wall": "stairsDown" },   { "floor": "grass", "wall": "wood" } ],
      [ { "floor": "grass", "wall": "wood" }, { "floor": "sand" },                    { "floor": "sand" },                   { "floor": "grass" },                   { "floor": "grass","wall":"rock" },                  { "floor": "grass" },                   { "floor": "grass", "wall": "wood" } ],
      [ { "floor": "grass", "wall": "wood" }, { "floor": "grass"},                    { "floor": "water" },                  { "floor": "rock" },                   { "floor": "grass" },                   { "floor": "grass","wall": "spring" },                   { "floor": "grass", "wall": "wood" } ],
      [ { "floor": "grass", "wall": "wood" }, { "floor": "grass" },                    { "floor": "grass" },                   { "floor": "grass" },                   { "floor": "grass" },                   { "floor": "sand" },                   { "floor": "grass", "wall": "wood" } ],
      [ { "floor": "grass", "wall": "wood" }, { "floor": "grass" },   { "floor": "grass" },                  { "floor": "sand" },                   { "floor": "sand" },                   { "floor": "grass" },                  { "floor": "grass", "wall": "wood" } ],
      [ { "floor": "grass", "wall": "wood" }, { "floor": "grass", "wall": "wood" },   { "floor": "grass", "wall": "wood" },  { "floor": "grass", "wall": "wood" },  { "floor": "grass", "wall": "wood" },  { "floor": "grass", "wall": "wood" },   { "floor": "grass", "wall": "wood" } ]
    ],
    [
      [ { "floor": "grass", "wall": "wood" }, { "floor": "grass", "wall": "wood" },   { "floor": "grass", "wall": "wood" },  { "floor": "grass", "wall": "wood" },  { "floor": "grass", "wall": "wood" },  { "floor": "grass", "wall": "wood" },   { "floor": "grass", "wall": "wood" } ],
      [ { "floor": "grass", "wall": "wood" }, { "floor": "grass" },                   { "floor": "grass","wall": "rope" },                   { "floor": "grass" },                  { "floor": "grass" },                  { "floor": "grass"}, { "floor": "grass", "wall": "wood" } ],
      [ { "floor": "grass", "wall": "wood" }, { "floor": "grass" },                    { "floor": "grass" },                   { "floor": "sand" },                   { "floor": "sand" },                   { "floor": "grass" },                   { "floor": "grass", "wall": "wood" } ],
      [ { "floor": "grass", "wall": "wood" }, { "floor": "grass" },                    { "floor": "grass" },                   { "floor": "water" },                  { "floor":"grass" },                   { "floor": "grass","wall": "rock" },                   { "floor": "grass", "wall": "wood" } ],
      [ { "floor": "grass", "wall": "wood" }, { "floor": "grass" },                    { "floor": "sand" },                   { "floor":"grass"},                   { "floor": "grass" },                   { "floor": "sand" },                   { "floor": "grass", "wall": "wood" } ],
      [ { "floor": "grass", "wall": "wood" }, { "floor": "grass", "wall": "spring" }, { "floor": "grass" },                  { "floor": "grass","wall": "rock" },                   { "floor": "sand" },                   { "floor": "grass" },                  { "floor": "grass", "wall": "wood" } ],
      [ { "floor": "grass", "wall": "wood" }, { "floor": "grass", "wall": "wood" },   { "floor": "grass", "wall": "wood" },  { "floor": "grass", "wall": "wood" },  { "floor": "grass", "wall": "wood" },  { "floor": "grass", "wall": "wood" },   { "floor": "grass", "wall": "wood" } ]
    ],
    [
      [ { "floor": "grass", "wall": "wood" }, { "floor": "grass", "wall": "wood" },   { "floor": "grass", "wall": "wood" },  { "floor": "grass", "wall": "wood" },  { "floor": "grass", "wall": "wood" },  { "floor": "grass", "wall": "wood" },   { "floor": "grass", "wall": "wood" } ],
      [ { "floor": "grass", "wall": "wood" }, { "floor": "grass","wall": "rope"},                   { "floor": "grass" },                  { "floor": "sand" },                   { "floor": "grass" },                   { "floor": "grass" },                  { "floor": "grass", "wall": "wood" } ],
      [ { "floor": "grass", "wall": "wood" }, { "floor": "sand" },                    { "floor": "sand" },                   { "floor": "grass" },                   { "floor": "grass" },                  { "floor": "sand" },                   { "floor": "grass", "wall": "wood" } ],
      [ { "floor": "grass", "wall": "wood" }, { "floor": "grass" },                    { "floor": "grass" },                   { "floor": "grass" }, { "floor": "sand" },                { "floor": "sand" },                   { "floor": "grass", "wall": "wood" } ],
      [ { "floor": "grass", "wall": "wood" }, { "floor": "grass" },                   { "floor": "grass","wall":"rock" },                   { "floor": "sand" },                   { "floor": "grass" },                  { "floor": "grass" },                   { "floor": "grass", "wall": "wood" } ],
      [ { "floor": "grass", "wall": "wood" }, { "floor": "grass" },   { "floor": "grass" },                  { "floor": "grass" },                   { "floor": "sand" },                   { "floor": "grass" },                  { "floor": "grass", "wall": "wood" } ],
      [ { "floor": "grass", "wall": "wood" }, { "floor": "grass", "wall": "wood" },   { "floor": "grass", "wall": "wood" },  { "floor": "grass", "wall": "wood" },  { "floor": "grass", "wall": "wood" },  { "floor": "grass", "wall": "wood" },   { "floor": "grass", "wall": "wood" } ]
    ]
  ]
}