{
  "dificultad": "NORMAL",
  "ancho": 7,
  "alto": 7,
  "profundo": 2,

  "parametrosJuego": {
    "vidaMaximaJugador": 170.0,
    "maxCartasPorJugador": 8,
    "curacionPorMovimiento": 1.2,
    "minDado": 1,
    "maxDado": 6
  },

  "jugadores": [
    {
      "nombre": "Jugador1",
      "vida": 150.0,
      "fuerza": 18,
      "vision": 3,
      "regeneracionPorTurno": 2.5,
      "posicion": { "x": 1, "y": 1, "z": 1 },
      "cartasIniciales": ["CURACION", "ESCUDO"]
    },
    {
      "nombre": "Jugador2",
      "vida": 150.0,
      "fuerza": 17,
      "vision": 3,
      "regeneracionPorTurno": 2.0,
      "posicion": { "x": 5, "y": 1, "z": 1 },
      "cartasIniciales": ["CURACION"]
    }
  ],

  "enemigos": [
    {
      "nombre": "Orco",
      "energia": 110,
      "ataque": 20,
      "posicion": { "x": 4, "y": 4, "z": 1 }
    },
    {
      "nombre": "Goblin",
      "energia": 70,
      "ataque": 15,
      "posicion": { "x": 2, "y": 5, "z": 1 }
    },
    {
      "nombre": "Espectro",
      "energia": 90,
      "ataque": 18,
      "posicion": { "x": 3, "y": 3, "z": 2 }
    }
  ],

  "terrenos": [
    { "tipo": "ESCALERA_SUBIDA", "posicion": { "x": 2, "y": 2, "z": 1 } },
    { "tipo": "ESCALERA_BAJADA", "posicion": { "x": 2, "y": 2, "z": 2 } },

    { "tipo": "ESCALERA_SUBIDA", "posicion": { "x": 6, "y": 6, "z": 1 } },
    { "tipo": "ESCALERA_BAJADA", "posicion": { "x": 6, "y": 6, "z": 2 } },

    { "tipo": "ROCA", "posicion": { "x": 4, "y": 1, "z": 1 } },
    { "tipo": "ROCA", "posicion": { "x": 3, "y": 6, "z": 1 } },
    { "tipo": "AGUA", "posicion": { "x": 1, "y": 5, "z": 1 } },
    { "tipo": "AGUA", "posicion": { "x": 5, "y": 3, "z": 1 } }
  ],

  "cartasEnTablero": [
    { "tipoCarta": "CURACION", "posicion": { "x": 7, "y": 2, "z": 1 } },
    { "tipoCarta": "POTENCIADOR_DANIO", "posicion": { "x": 3, "y": 7, "z": 1 } },
    { "tipoCarta": "INVISIBILIDAD", "posicion": { "x": 6, "y": 4, "z": 2 } }
  ]
}
