{
  "dificultad": "DIFICIL",
  "ancho": 10,
  "alto": 10,
  "profundo": 3,
  "parametrosJuego": {
    "vidaMaximaJugador": 200.0,
    "maxCartasPorJugador": 10,
    "curacionPorMovimiento": 0.5,
    "minDado": 1,
    "maxDado": 6
  },
  "jugadores": [
    {
      "nombre": "Jugador1",
      "vida": 140.0,
      "fuerza": 25,
      "vision": 2,
      "regeneracionPorTurno": 1.0,
      "posicion": { "x": 1, "y": 1, "z": 1 },
      "cartasIniciales": ["CURACION", "ESCUDO"]
    }
  ],
  "enemigos": [
    {
      "nombre": "Orco Fuerte",
      "energia": 200,
      "ataque": 35,
      "posicion": { "x": 8, "y": 8, "z": 1 }
    },
    {
      "nombre": "Hechicero Oscuro",
      "energia": 150,
      "ataque": 40,
      "posicion": { "x": 5, "y": 5, "z": 2 }
    }
  ],
  "terrenos": [
    { "tipo": "ESCALERA_SUBIDA", "posicion": { "x": 3, "y": 3, "z": 1 } },
    { "tipo": "ESCALERA_BAJADA", "posicion": { "x": 3, "y": 3, "z": 2 } },
    { "tipo": "ROCA", "posicion": { "x": 4, "y": 4, "z": 1 } },
    { "tipo": "ROCA", "posicion": { "x": 7, "y": 2, "z": 1 } },
    { "tipo": "AGUA", "posicion": { "x": 2, "y": 7, "z": 1 } },
    { "tipo": "AGUA", "posicion": { "x": 9, "y": 3, "z": 2 } }
  ],
  "cartasEnTablero": [
    { "tipoCarta": "POTENCIADOR_DANIO", "posicion": { "x": 9, "y": 9, "z": 1 } }
  ]
}

