{
  "name": "Dificil",
  "playerConfig": {
    "healthFloor": 100,
    "healthRoof": 120,
    "strengthFloor": 40,
    "strengthRoof": 85,
    "inventorySize": 5,
    "moves": 3,
    "vision": 1,
    "incomingDamageFactor": 1.0,
    "regeneration": 15,
    "turnsToRegenerate": 5
  },
  "enemyConfig": {
    "healthFloor": 100,
    "healthRoof": 120,
    "strengthFloor": 50,
    "strengthRoof": 100,
    "inventorySize": 5,
    "moves": 3,
    "incomingDamageFactor": 1.0
  },
  "cardConfig": {
    "doubleMoveCardConfig": {
      "durationFloor": 1,
      "durationRoof": 4
    },
    "fireballCardConfig": {
      "damageFloor": 20,
      "damageRoof": 51
    },
    "healingCardConfig": {
      "healingPointsFloor": 20,
      "healingPointsRoof": 51
    },
    "iceballCardConfig": {
      "durationFloor": 1,
      "durationRoof": 4
    },
    "invisibilityCardConfig": {
      "durationFloor": 1,
      "durationRoof": 4
    },
    "shieldCardConfig": {
      "durationFloor": 1,
      "durationRoof": 4
    },
    "stealingCardConfig": {},
    "strengthCardConfig": {
      "durationFloor": 1,
      "durationRoof": 4
    },
    "teleportCardConfig": {}
  }
}