[{
  "alto" :  5,
  "profundo" :  4,
  "ancho" :  5,
  "tableroId" :  1,
  "casilleros" : [
    [
      [
        { "terreno" : "ROCA","entidad" : null, "coordenadas": [1,1,1], "valor" : null },
        { "terreno" : "ESCALERA_SUBIDA","entidad" : null, "coordenadas": [1,1,2], "valor" : null },
        { "terreno" : "VACIO","entidad" : null, "coordenadas": [1,1,3], "valor" : null },
        { "terreno" : "VACIO","entidad" : null, "coordenadas": [1,1,4], "valor" : null }
      ],
      [
        { "terreno" : "VACIO","entidad" : null, "coordenadas": [1,2,1], "valor" : null },
        { "terreno" : "VACIO","entidad" : null, "coordenadas": [1,2,2], "valor" : null },
        { "terreno" : "VACIO","entidad" : null, "coordenadas": [1,2,3], "valor" : null },
        { "terreno" : "VACIO","entidad" : null, "coordenadas": [1,2,4], "valor" : null }
      ],
      [
        { "terreno" : "VACIO","entidad" : null, "coordenadas": [1,3,1], "valor" : null },
        { "terreno" : "VACIO","entidad" : null, "coordenadas": [1,3,2], "valor" : null },
        { "terreno" : "VACIO","entidad" : null, "coordenadas": [1,3,3], "valor" : null },
        { "terreno" : "VACIO","entidad" : null, "coordenadas": [1,3,4], "valor" : null }
      ],
      [
        { "terreno" : "ROCA","entidad" : null, "coordenadas": [1,4,1], "valor" : null },
        { "terreno" : "AGUA","entidad" : null, "coordenadas": [1,4,2], "valor" : null },
        { "terreno" : "ROCA","entidad" : null, "coordenadas": [1,4,3], "valor" : null },
        { "terreno" : "AGUA","entidad" : null, "coordenadas": [1,4,4], "valor" : null }
      ],
      [
        { "terreno" : "VACIO","entidad" : null, "coordenadas": [1,5,1], "valor" : null },
        { "terreno" : "VACIO","entidad" : null, "coordenadas": [1,5,2], "valor" : null },
        { "terreno" : "VACIO","entidad" : null, "coordenadas": [1,5,3], "valor" : null },
        { "terreno" : "VACIO","entidad" : null, "coordenadas": [1,5,4], "valor" : null }
      ]
    ],
    [
      [
        { "terreno" : "VACIO","entidad" : null, "coordenadas": [2,1,1], "valor" : null },
        { "terreno" : "VACIO","entidad" : null, "coordenadas": [2,1,2], "valor" : null },
        { "terreno" : "VACIO","entidad" : null, "coordenadas": [2,1,3], "valor" : null },
        { "terreno" : "VACIO","entidad" : null, "coordenadas": [2,1,4], "valor" : null }
      ],
      [
        { "terreno" : "VACIO","entidad" : null, "coordenadas": [2,2,1], "valor" : null },
        { "terreno" : "VACIO","entidad" : null, "coordenadas": [2,2,2], "valor" : null },
        { "terreno" : "VACIO","entidad" : null, "coordenadas": [2,2,3], "valor" : null },
        { "terreno" : "VACIO","entidad" : null, "coordenadas": [2,2,4], "valor" : null }
      ],
      [
        { "terreno" : "VACIO","entidad" : null, "coordenadas": [2,3,1], "valor" : null },
        { "terreno" : "ESCALERA_SUBIDA","entidad" : null, "coordenadas": [2,3,2], "valor" : null },
        { "terreno" : "VACIO","entidad" : null, "coordenadas": [2,3,3], "valor" : null },
        { "terreno" : "VACIO","entidad" : null, "coordenadas": [2,3,4], "valor" : null }
      ],
      [
        { "terreno" : "ROCA","entidad" : null, "coordenadas": [2,4,1], "valor" : null },
        { "terreno" : "VACIO","entidad" : null, "coordenadas": [2,4,2], "valor" : null },
        { "terreno" : "ESCALERA_BAJADA","entidad" : null, "coordenadas": [2,4,3], "valor" : null },
        { "terreno" : "VACIO","entidad" : null, "coordenadas": [2,4,4], "valor" : null }
      ],
      [
        { "terreno" : "VACIO","entidad" : null, "coordenadas": [2,5,1], "valor" : null },
        { "terreno" : "VACIO","entidad" : null, "coordenadas": [2,5,2], "valor" : null },
        { "terreno" : "VACIO","entidad" : null, "coordenadas": [2,5,3], "valor" : null },
        { "terreno" : "VACIO","entidad" : null, "coordenadas": [2,5,4], "valor" : null }
      ]
    ],
    [
      [
        { "terreno" : "VACIO","entidad" : null, "coordenadas": [3,1,1], "valor" : null },
        { "terreno" : "VACIO","entidad" : null, "coordenadas": [3,1,2], "valor" : null },
        { "terreno" : "VACIO","entidad" : null, "coordenadas": [3,1,3], "valor" : null },
        { "terreno" : "VACIO","entidad" : null, "coordenadas": [3,1,4], "valor" : null }
      ],
      [
        { "terreno" : "VACIO","entidad" : null, "coordenadas": [3,2,1], "valor" : null },
        { "terreno" : "ROCA","entidad" : null, "coordenadas": [3,2,2], "valor" : null },
        { "terreno" : "VACIO","entidad" : null, "coordenadas": [3,2,3], "valor" : null },
        { "terreno" : "VACIO","entidad" : null, "coordenadas": [3,2,4], "valor" : null }
      ],
      [
        { "terreno" : "VACIO","entidad" : null, "coordenadas": [3,3,1], "valor" : null },
        { "terreno" : "VACIO","entidad" : null, "coordenadas": [3,3,2], "valor" : null },
        { "terreno" : "ESCALERA_SUBIDA","entidad" : null, "coordenadas": [3,3,3], "valor" : null },
        { "terreno" : "VACIO","entidad" : null, "coordenadas": [3,3,4], "valor" : null }
      ],
      [
        { "terreno" : "VACIO","entidad" : null, "coordenadas": [3,4,1], "valor" : null },
        { "terreno" : "ESCALERA_BAJADA","entidad" : null, "coordenadas": [3,4,2], "valor" : null },
        { "terreno" : "ESCALERA_SUBIDA","entidad" : null, "coordenadas": [3,4,3], "valor" : null },
        { "terreno" : "VACIO","entidad" : null, "coordenadas": [3,4,4], "valor" : null }
      ],
      [
        { "terreno" : "VACIO","entidad" : null, "coordenadas": [3,5,1], "valor" : null },
        { "terreno" : "VACIO","entidad" : null, "coordenadas": [3,5,2], "valor" : null },
        { "terreno" : "VACIO","entidad" : null, "coordenadas": [3,5,3], "valor" : null },
        { "terreno" : "VACIO","entidad" : null, "coordenadas": [3,5,4], "valor" : null }
      ]
    ],
    [
      [
        { "terreno" : "ROCA","entidad" : null, "coordenadas": [4,1,1], "valor" : null },
        { "terreno" : "VACIO","entidad" : null, "coordenadas": [4,1,2], "valor" : null },
        { "terreno" : "ROCA","entidad" : null, "coordenadas": [4,1,3], "valor" : null },
        { "terreno" : "VACIO","entidad" : null, "coordenadas": [4,1,4], "valor" : null }
      ],
      [
        { "terreno" : "VACIO","entidad" : null, "coordenadas": [4,2,1], "valor" : null },
        { "terreno" : "VACIO","entidad" : null, "coordenadas": [4,2,2], "valor" : null },
        { "terreno" : "VACIO","entidad" : null, "coordenadas": [4,2,3], "valor" : null },
        { "terreno" : "VACIO","entidad" : null, "coordenadas": [4,2,4], "valor" : null }
      ],
      [
        { "terreno" : "VACIO","entidad" : null, "coordenadas": [4,3,1], "valor" : null },
        { "terreno" : "VACIO","entidad" : null, "coordenadas": [4,3,2], "valor" : null },
        { "terreno" : "VACIO","entidad" : null, "coordenadas": [4,3,3], "valor" : null },
        { "terreno" : "ESCALERA_BAJADA","entidad" : null, "coordenadas": [4,3,4], "valor" : null }
      ],
      [
        { "terreno" : "ROCA","entidad" : null, "coordenadas": [4,4,1], "valor" : null },
        { "terreno" : "ROCA","entidad" : null, "coordenadas": [4,4,2], "valor" : null },
        { "terreno" : "VACIO","entidad" : null, "coordenadas": [4,4,3], "valor" : null },
        { "terreno" : "AGUA","entidad" : null, "coordenadas": [4,4,4], "valor" : null }
      ],
      [
        { "terreno" : "VACIO","entidad" : null, "coordenadas": [4,5,1], "valor" : null },
        { "terreno" : "VACIO","entidad" : null, "coordenadas": [4,5,2], "valor" : null },
        { "terreno" : "VACIO","entidad" : null, "coordenadas": [4,5,3], "valor" : null },
        { "terreno" : "VACIO","entidad" : null, "coordenadas": [4,5,4], "valor" : null }
      ]
    ],
    [
      [
        { "terreno" : "ROCA","entidad" : null, "coordenadas": [5,1,1], "valor" : null },
        { "terreno" : "VACIO","entidad" : null, "coordenadas": [5,1,2], "valor" : null },
        { "terreno" : "ROCA","entidad" : null, "coordenadas": [5,1,3], "valor" : null },
        { "terreno" : "VACIO","entidad" : null, "coordenadas": [5,1,4], "valor" : null }
      ],
      [
        { "terreno" : "VACIO","entidad" : null, "coordenadas": [5,2,1], "valor" : null },
        { "terreno" : "VACIO","entidad" : null, "coordenadas": [5,2,2], "valor" : null },
        { "terreno" : "VACIO","entidad" : null, "coordenadas": [5,2,3], "valor" : null },
        { "terreno" : "VACIO","entidad" : null, "coordenadas": [5,2,4], "valor" : null }
      ],
      [
        { "terreno" : "VACIO","entidad" : null, "coordenadas": [5,3,1], "valor" : null },
        { "terreno" : "VACIO","entidad" : null, "coordenadas": [5,3,2], "valor" : null },
        { "terreno" : "VACIO","entidad" : null, "coordenadas": [5,3,3], "valor" : null },
        { "terreno" : "ESCALERA_BAJADA","entidad" : null, "coordenadas": [5,3,4], "valor" : null }
      ],
      [
        { "terreno" : "ROCA","entidad" : null, "coordenadas": [5,4,1], "valor" : null },
        { "terreno" : "ROCA","entidad" : null, "coordenadas": [5,4,2], "valor" : null },
        { "terreno" : "VACIO","entidad" : null, "coordenadas": [5,4,3], "valor" : null },
        { "terreno" : "AGUA","entidad" : null, "coordenadas": [5,4,4], "valor" : null }
      ],
      [
        { "terreno" : "VACIO","entidad" : null, "coordenadas": [5,5,1], "valor" : null },
        { "terreno" : "VACIO","entidad" : null, "coordenadas": [5,5,2], "valor" : null },
        { "terreno" : "VACIO","entidad" : null, "coordenadas": [5,5,3], "valor" : null },
        { "terreno" : "VACIO","entidad" : null, "coordenadas": [5,5,4], "valor" : null }
      ]
    ]
  ]

}]