¿Quien gano el mundial en 2006?,Italia,Francia,Alemania,Brasil
¿En que anio se fundo la Fiuba?,1952,1950,1955,1957
¿Quien es el "principe" de las matematicas?,Euler,Gauss,Newton,Aristoteles
¿Que unidad del si mide fuerza?,Newton,Pascal,Joule,Watt
¿Que protocolo hace el direccionamiento en internet?,Ip,Tcp,Udp,Arp
¿Que unidad mide frecuencia?,Hertz,Tesla,Weber,Gauss
¿Metal principal del acero?,Hierro,Aluminio,Cobre,Magnesio
¿Que algoritmo ordena usando pivote?,Quicksort,Heapsort,Mergesort,Bubblesort
¿Que componente almacena carga en campo electrico?,Condensador,Inductor,Resistor,Diodo
¿Cual es el lenguaje de programacion mas usado en la IA?,Python,C++,Java,C
¿Quien es el padre de la informatica?,Alan turing,Konrad zuse,Charles babbage,Estefano Ciolli
¿Cuantos mundiales tiene Uruguay?,2,4,3,0
¿A quien le gano Argentina la final del mundial 86?,Alemania,Holanda,Francia,Inglaterra
¿Cuantas carreras de grado tiene la Fiuba?,13,11,14,15
¿Cual es la scuderia mas ganadora de la F1?,Ferrari,Mclaren,Lotus,Williams
¿Cual es el ultimo modelo que fabrico Enzo Ferrari?,F40,F50,Roma,Daytona
¿Cual es el auto mas dominante de la historia de la F1?,RB19,W11,R25,SF-75
¿La derivada direccional maxima ocurre en la direccion del?,Gradiente,Tangente,Normal,Rotor
¿La matriz de derivadas parciales de primer orden se llama?,Jacobiano,Hessiano,Laplaciano,Gram
¿La matriz de segundas derivadas se llama?,Hessiano,Jacobiano,Laplaciano,Cauchy
¿El operador nabla punto f se llama?,Divergencia,Rotacional,Gradiente,Laplaciano
¿El operador nabla cruz f se llama?,Rotacional,Divergencia,Gradiente,Laplaciano
¿El teorema que relaciona integral de linea y rotacional en r2 es?,Green,Gauss,Stokes,Cauchy
¿El teorema del flujo a traves de superficie cerrada en r3 es?,Gauss,Green,Stokes,Bolzano
¿El teorema que relaciona rotacional y curva frontera en r3 es?,Stokes,Green,Gauss,Dirichlet
¿La expansion local con derivadas en un punto es la serie de?,Taylor,Fourier,Lagrange,Hermite
¿En un extremo interior el gradiente es?,Nulo,Unitario,Paralelo,Oblicuo
¿Hessiano definido positivo indica un?,Minimo,Maximo,Silla,Nada
¿Hessiano definido negativo indica un?,Maximo,Minimo,Silla,Nada
